Recurring_Issue_ID,Complaint_Count,Category,Example_Complaint,Issue_Type,Severity,Recurring_Issue
ISSUE_001,18792,General Inquiry,"I'm having an issue with the {product_purchased}. Please assist.

Your billing zip code is: 71701.

We appreciate that you have requested a website address.

Please double check your email address. I've tried troubleshooting steps mentioned in the user manual, but the issue persists.",Recurring Complaint Pattern,High,
ISSUE_002,6,General Inquiry,"On at least XXXX previous occasions, I request Scottrade cease and desist communicating with me via email and other methods of communication, citing State Unsolicited Email Law, and Federal Debt Collection Practices, yet Scottrade has failed to acknowledge these email and has sent me another email, in violation of numerous State and Federal statutes. 
",Recurring Complaint Pattern,Medium,
PATTERN_001,4,General Inquiry,"Opened an account at u.s. Bank online not even a month after opening the account my card was compromised I freaked out and called as soon as I saw the authorizations pending the guy on the phone told me they were just authorizations and that they would fall off in three days they did n't fall off a few days later they posted to my account so I called again this time livid that I had been lied to but this was only the beginning of the lies the gentleman shut down my card I told him I would not be comfortable depositing anything into the account until the number was completely changed he said that would n't be a problem and so did numerous customer service reps I even have an email where one of these reps acknowledged she saw that in the notes exactly but I 'm getting ahead in the story so back to the second call I told him to turn off my overdraft before he transferred me to the fraud department me and the fraud department went through all the transactions I told him I had a car payment pending out and he assured me that my car payment would not be returned and it was first fee hits I call fraud they said "" overdrafts are paid at the banks discression '' but they did promise any fees related to this at all would be refunded XXXX XXXX they apply provisional credit I removed all funds until account number can be changed except a small amount of money on the XXXX my auto financier put through the car payment again and I 'm charged a second fee I call and explain what I was told over and over again only to be told too bad they do n't care that I was n't comfortable putting my money in an account that was compromised or that they told me all fees would be waived if related I would say me not being comfortable putting a cent in an account that I do n't feel like is secure basically we do n't waive overdraft fees we are US BANK so I begin emailing customer service only to be told repeatedly that it 's my fault my issue not a US BANK issue I get conflicting information from every other email they send and then they tell me their entire management team has reviewed it and I have to pay these fees I told them to close my account so I would stop getting charged "" extended overdraft fees '' they said they could n't until I paid the balance remember I opted out on the phone when I reported the card stolen initially. So these are n't even fees I agreed to by this point. This bank needs to be broken up you can find so many blogs of similar or worse issues the one constant thing is lying. Integrity is extremely important especially in a financial institution. Taking ownership of issues is another thing you ca n't do you boast 5 star service it 's more like 0 star service your people are rude and hateful you do n't do what you say you 're going to do you definetly should n't be trusted with anyone 's money. 
",Known Recurring Problem,Medium,Payment Status Synchronization
PATTERN_002,39,General Inquiry,"I've forgotten my password for my {product_purchased} account, and the password reset option is not working. How can I recover my account?

If you're still unable to login to your account, simply delete the email address I'm experiencing this issue on multiple devices of the same model, so it seems to be a widespread problem.",Known Recurring Problem,High,Login Failure
PATTERN_003,26,General Inquiry,"I had a charge that was charged my card as an authorization by XXXX and when i stayed at hotel as told it would drop off and decided to pay in increments for hotel stay ( {$330.00}, {$160.00}, {$890.00} ) as i did n't know how long we would be staying for whole reservation as home was n't ready to move in so we changed our reservation. After checking out i noticed my XXXX XXXX credit card had a charge for the full amount of {$1300.00} and authorization never dropped off. When this happened i contacted bank of america and dispute these and filed a claim for these duplicate charges. XXXX out of the XXXX charges were credit back as permanent credit ( {$330.00} & {$160.00} ). The XXXX was still not credited back after going back and forth with bank trying to get this resolved. The bank made errors when resubmitting and caused delays and issues with claim which was their error. In XXXX i received claim response from merchant and then was allowed to submit rebuttal for claim which i did and faxed back to bank for all XXXX amounts. How can they process XXXX but not the XXXX correctly when there all a part of same amount. They stated it was past time frame. when clearly i responded immediately when they requested along with others they gave me credit back for so it was not past time frame. I then called back in XXXX to resubmit the {$890.00} for the XXXX time. I even specified there was a XXXX XXXX statement on file showing the charge was made on another card and was never refunded. I never received any notiice of result of claim or response since XXXX. I did however receive a response for the {$160.00} amount which they stated was a permanent credit. I called the bank on XXXX to check status again. and once again they submitted claim incorrectly, did n't notify me whatsoever of any result or update or phone call for that matter. My account got closed for the - {$500.00} amount that resulted from that charge when they reversed the temp credit prior to getting my rebuttal and proof of duplicate charge. They were notified, provided every document from me and makes no sense how XXXX transactions for the same thing same stay at hotel and same charge on my XXXX XXXX can be refunded for XXXX but not the XXXX when there all the same issue. 
",Known Recurring Problem,High,Duplicate Billing
