Complaint_Text,Frequency
I'm having an issue with the {product_purchased}. Please assist. I need assistance as soon as possible because it's affecting my work and productivity.,25
I'm having an issue with the {product_purchased}. Please assist. I'm concerned about the security of my {product_purchased} and would like to ensure that my data is safe.,25
I'm having an issue with the {product_purchased}. Please assist. This problem started occurring after the recent software update. I haven't made any other changes to the device.,25
I'm having an issue with the {product_purchased}. Please assist. I've noticed a peculiar error message popping up on my {product_purchased} screen. It says '{error_message}'. What does it mean?,24
"I'm having an issue with the {product_purchased}. Please assist. I've already contacted customer support multiple times, but the issue remains unresolved.",24
"I'm having an issue with the {product_purchased}. Please assist. I've performed a factory reset on my {product_purchased}, hoping it would resolve the problem, but it didn't help.",23
I'm having an issue with the {product_purchased}. Please assist. I'm unable to find the option to perform the desired action in the {product_purchased}. Could you please guide me through the steps?,20
"I'm having an issue with the {product_purchased}. Please assist. The issue I'm facing is intermittent. Sometimes it works fine, but other times it acts up unexpectedly.",20
I'm having an issue with the {product_purchased}. Please assist. I've noticed that the issue occurs consistently when I use a specific feature or application on my {product_purchased}.,17
"I'm having an issue with the {product_purchased}. Please assist. I've checked for software updates, and my {product_purchased} is already running the latest version.",17
"I'm having an issue with the {product_purchased}. Please assist. I've recently updated the firmware of my {product_purchased}, and the issue started happening afterward. Could it be related to the update?",17
"I'm having an issue with the {product_purchased}. Please assist. I rely heavily on my {product_purchased} for my daily tasks, and this issue is hindering my productivity.",15
"I'm having an issue with the {product_purchased}. Please assist. I've tried using different cables, adapters, or peripherals with my {product_purchased}, but the issue persists.",14
I'm having an issue with the {product_purchased}. Please assist. I'm worried that the issue might be hardware-related and might require repair or replacement.,14
"I'm having an issue with the {product_purchased}. Please assist. I've reviewed the troubleshooting steps on the official support website, but they didn't resolve the problem.",12
"I'm having an issue with the {product_purchased}. Please assist. I'm experiencing this issue on multiple devices of the same model, so it seems to be a widespread problem.",12
I'm having an issue with the {product_purchased}. Please assist. I'm not sure if this issue is specific to my device or if others have reported similar problems.,11
I'm having an issue with the {product_purchased}. Please assist. I've noticed a sudden decrease in battery life on my {product_purchased}. It used to last much longer.,11
I'm having an issue with the {product_purchased}. Please assist. I've checked the device settings and made sure that everything is configured correctly.,10
"I'm having an issue with the {product_purchased}. Please assist. I've tried troubleshooting steps mentioned in the user manual, but the issue persists.",10
